id,address,pred_labels,gt_labels,xml,error
2,0x00000000000da14c27c155bb7c1ac9bd7519eb3b,ue,"le,rent",<XML>UE</XML>,
1,0x0000000000075efbee23fe2de1bd0b7690883cc9,txo,le,<XML>TXO</XML>,
4,0x000000002bb43c83ece652d161ad0fa862129a2c,ue,"arthm,dos,le,rent,tm,too,ue",<XML>UE</XML>,
10,0x00000100f2a2bd000715001920eb70d229700085,ue,le,<XML>UE</XML>,
5,0x00000000441378008ea67f4284a57932b1c000a5,txo,le,<XML>TXO</XML>,
11,0x00006100f7090010005f1bd7ae6122c3c2cf0090,ue,le,<XML>UE</XML>,
13,0x0002562b9c0a85ebb92989fc02d6486b3d0ccbeb,,arthm,<XML></XML>,
3,0x0000000000b3f879cb30fe243b4dfee438691c04,ue,"arthm,dos,rent,ue",<XML>UE</XML>,
7,0x00000000e86b5156e8fd624255bf7a6d722a8f1f,ue,"arthm,rent",<XML>UE</XML>,
6,0x00000000bbcf7700a1b403c9eb666f350707b900,,le,<XML></XML>,
8,0x0000009a317684a5f840484357fa587aca76454c,"arthm,ue","arthm,dos,rent","<XML>ARTHM,UE</XML>",
9,0x000000c96e715a5b8cd3beaea66bdb749225fa2f,"arthm,ue","arthm,dos,rent","<XML>ARTHM,UE</XML>",
18,0x001b22d44e1b8edf01c1bccd08bb99e2e6198092,ue,"rent,tm",<XML>UE</XML>,
16,0x00125893df6ca0792c99601c462764ba5d80268a,ue,"arthm,dos",<XML>UE</XML>,
17,0x0013d3b508a23feeeca45c4c62cc88966fb71aed,ue,"arthm,dos,rent,tm,ue",<XML>UE</XML>,
12,0x0002325fcaaac6ebf1254a626589147bde1a2394,ue,"arthm,dos,rent,tm,too",<XML>UE</XML>,
19,0x001ea8150f4965195e10e5b5568047e1555a6dcd,ue,arthm,<XML>UE</XML>,
15,0x000621424c60951cb69e9d75d64b79813846d498,ue,"arthm,dos,rent,too,ue",<XML>UE</XML>,
25,0x0022ee765799c1f836a36612b8c62be098fd0bbb,arthm,arthm,<XML>ARTHM</XML>,
24,0x00214120d3469a74ca586bc9557c0ff8fb09b157,txo,"arthm,dos,rent",<XML>TXO</XML>,
22,0x001fc4a7f2f586596308091c7b296d4535a25a90,ue,"arthm,le,rent",<XML>UE</XML>,
26,0x0027449bf0887ca3e431d263ffdefb244d95b555,le,arthm,<XML>LE</XML>,
29,0x002c74b0cd9354ba5464db519cae76d7cfaa070a,arthm,arthm,<XML>ARTHM</XML>,
21,0x001f52daa8a4f7b9b26da16baf449c0d270dbe63,ue,"arthm,rent",<XML>UE</XML>,
20,0x001f0aa5da15585e5b2305dbab2bac425ea71007,ue,arthm,<XML>UE</XML>,
32,0x00346fddca107aec034a367b7324f0d6419bf4b9,"ue,txo","arthm,rent,tm,too","<XML>UE,TXO</XML>",
28,0x00285f9aad90013a782fb6c85584d97f120b54d8,ue,"arthm,rent",<XML>UE</XML>,
23,0x002036ed3d00736787a31a19b1e28f7a86c72672,ue,"arthm,rent",<XML>UE</XML>,
33,0x00359e48665c081ecba0519cacff26c7ca889296,,arthm,<XML></XML>,
27,0x002842529757eab873cce9c251087e1b993f9200,ue,"rent,tm",<XML>UE</XML>,
14,0x00059ae69c1622a7542edc15e8d17b060fe307b6,ue,arthm,<XML>UE</XML>,
36,0x003ffefefbc4a6f34a62a3ca7b7937a880065bcb,ue,"arthm,dos,rent",<XML>UE</XML>,
38,0x0042d589023cfd5a979388f5be6e4abf532ab9af,arthm,arthm,<XML>ARTHM</XML>,
30,0x00312b3d7f39f63b15d5b2078f2862249b09338d,ue,arthm,<XML>UE</XML>,
31,0x0033fb5561719b8b697b604466d6d39308c58191,ue,"arthm,rent,too,ue",<XML>UE</XML>,
37,0x00416b9d728069edb0ceb04bc2b203fa7336d1f1,ue,"arthm,dos,rent,tm,too,ue",<XML>UE</XML>,
35,0x003f79d7be15dc1ad90ce00e6ea68f335e2b789b,arthm,arthm,<XML>ARTHM</XML>,
44,0x004a60e932aeb59ab06996586a64c8cea37c3875,ue,"arthm,le,rent",<XML>UE</XML>,
45,0x004e702aa7e3850f7da045f65da3218059b09381,txo,arthm,<XML>TXO</XML>,
46,0x0051d363a60bd98d8a10927d10708e5ef853b306,ue,"arthm,rent",<XML>UE</XML>,
39,0x00430f32b8e77a456d0ab7e6f1dc1b84f4ae62e0,arthm,"arthm,rent",<XML>ARTHM</XML>,
48,0x00539863217abd04b374a422c855e4c71ed1019a,ue,"arthm,too",<XML>UE</XML>,
40,0x004460229a42542772f21ee82b8772cc6f2a502b,arthm,arthm,<XML>ARTHM</XML>,
42,0x00499c8444cff1c09566a1d5c8b6ea801af9688f,"ue,txo","arthm,le,rent,tm","<XML>UE,TXO</XML>",
41,0x0045684552109f8551cc5c8aa7b1f52085adff47,ue,"arthm,dos,rent,tm,ue",<XML>UE</XML>,
49,0x0056a6ac46c0540b9b39bfeecae0c9482f80f809,arthm,arthm,<XML>ARTHM</XML>,
43,0x004a0ea16df8e38e9107461dffe34d6a7f9caab1,"arthm,txo","arthm,rent,tm","<XML>ARTHM,TXO</XML>",
34,0x003ad9c18bc279f40632e7e5de2fd213931215d0,ue,"arthm,rent,ue",<XML>UE</XML>,
47,0x005275450e77bfa6bcbd04d85175d5d0f2dfae43,,arthm,<XML></XML>,
50,0x00571808479ced690a6948992e32b1f3e69df557,arthm,arthm,<XML>ARTHM</XML>,
